{"assets/audios/favicon.png":["assets/audios/favicon.png"],"assets/fonts/MyFlutterApp.ttf":["assets/fonts/MyFlutterApp.ttf"],"assets/fonts/favicon.png":["assets/fonts/favicon.png"],"assets/images/620252cf99d07309372a4c66_Group_70.png":["assets/images/620252cf99d07309372a4c66_Group_70.png"],"assets/images/620252cf99d07348cf2a4c4c__0_5.png":["assets/images/620252cf99d07348cf2a4c4c__0_5.png"],"assets/images/620252cf99d0734c6c2a4c62_Group_71.png":["assets/images/620252cf99d0734c6c2a4c62_Group_71.png"],"assets/images/620252cf99d073614e2a4c4a__1_3.png":["assets/images/620252cf99d073614e2a4c4a__1_3.png"],"assets/images/620252cf99d07365ff2a4c4d__1_1.png":["assets/images/620252cf99d07365ff2a4c4d__1_1.png"],"assets/images/620252cf99d07381702a4c63_Group_104.png":["assets/images/620252cf99d07381702a4c63_Group_104.png"],"assets/images/620d2782cf9e172916fd74d0_main_image.png":["assets/images/620d2782cf9e172916fd74d0_main_image.png"],"assets/images/app_launcher_icon.png":["assets/images/app_launcher_icon.png"],"assets/images/favicon.png":["assets/images/favicon.png"],"assets/lottie_animations/favicon.png":["assets/lottie_animations/favicon.png"],"assets/pdfs/favicon.png":["assets/pdfs/favicon.png"],"assets/rive_animations/favicon.png":["assets/rive_animations/favicon.png"],"assets/videos/favicon.png":["assets/videos/favicon.png"],"packages/cupertino_icons/assets/CupertinoIcons.ttf":["packages/cupertino_icons/assets/CupertinoIcons.ttf"],"packages/font_awesome_flutter/lib/fonts/fa-brands-400.ttf":["packages/font_awesome_flutter/lib/fonts/fa-brands-400.ttf"],"packages/font_awesome_flutter/lib/fonts/fa-regular-400.ttf":["packages/font_awesome_flutter/lib/fonts/fa-regular-400.ttf"],"packages/font_awesome_flutter/lib/fonts/fa-solid-900.ttf":["packages/font_awesome_flutter/lib/fonts/fa-solid-900.ttf"]}